Protein 1,Residue 1,Protein 2,Residue 2
6esq_A,1,6esq_C,301 
6esq_A,60,6esq_C,327 
6esq_A,60,6esq_C,331 
6esq_A,61,6esq_C,327 
6esq_A,61,6esq_C,328 
6esq_A,62,6esq_C,283 
6esq_A,62,6esq_C,284 
6esq_A,62,6esq_C,328 
6esq_A,65,6esq_C,446 
6esq_A,65,6esq_C,581 
6esq_A,66,6esq_C,446 
6esq_A,69,6esq_C,445 
6esq_A,74,6esq_C,443 
6esq_A,74,6esq_C,444 
6esq_A,75,6esq_C,442 
6esq_A,75,6esq_C,443 
6esq_A,75,6esq_C,444 
6esq_A,76,6esq_C,443 
6esq_A,77,6esq_C,441 
6esq_A,77,6esq_C,442 
6esq_A,77,6esq_C,443 
6esq_A,80,6esq_C,281 
6esq_A,80,6esq_C,282 
6esq_A,81,6esq_C,280 
6esq_A,81,6esq_C,281 
6esq_A,82,6esq_C,280 
6esq_A,83,6esq_C,262 
6esq_A,84,6esq_C,262 
6esq_A,97,6esq_C,297 
6esq_A,97,6esq_C,298 
6esq_A,97,6esq_C,301 
6esq_A,98,6esq_C,297 
6esq_A,100,6esq_C,301 
6esq_A,101,6esq_C,201 
6esq_A,101,6esq_C,297 
6esq_A,101,6esq_C,300 
6esq_A,101,6esq_C,301 
6esq_A,127,6esq_C,260 
6esq_A,127,6esq_C,261 
6esq_A,128,6esq_C,261 
6esq_A,128,6esq_C,262 
6esq_A,131,6esq_C,260 
6esq_A,241,6esq_C,277 
6esq_A,242,6esq_C,275 
6esq_A,242,6esq_C,277 
6esq_A,243,6esq_C,274 
6esq_A,243,6esq_C,275 
6esq_A,243,6esq_C,276 
6esq_A,243,6esq_C,277 
6esq_A,244,6esq_C,274 
6esq_A,244,6esq_C,275 
6esq_A,245,6esq_C,269 
6esq_A,246,6esq_C,265 
6esq_A,246,6esq_C,266 
6esq_A,381,6esq_C,265 
6esq_A,137,6esq_F,288 
6esq_A,143,6esq_F,258 
6esq_A,146,6esq_F,258 
6esq_A,147,6esq_F,256 
6esq_A,147,6esq_F,257 
6esq_A,147,6esq_F,258 
6esq_A,151,6esq_F,256 
6esq_A,197,6esq_F,261 
6esq_A,197,6esq_F,262 
6esq_A,198,6esq_F,259 
6esq_A,198,6esq_F,260 
6esq_A,198,6esq_F,261 
6esq_A,199,6esq_F,258 
6esq_A,199,6esq_F,259 
6esq_A,249,6esq_F,285 
6esq_A,249,6esq_F,286
6esq_A,137,6esq_H,288 
6esq_A,143,6esq_H,258 
6esq_A,146,6esq_H,258 
6esq_A,147,6esq_H,256 
6esq_A,147,6esq_H,257 
6esq_A,147,6esq_H,258 
6esq_A,151,6esq_H,256 
6esq_A,197,6esq_H,261 
6esq_A,197,6esq_H,262 
6esq_A,198,6esq_H,259 
6esq_A,198,6esq_H,260 
6esq_A,198,6esq_H,261 
6esq_A,199,6esq_H,258 
6esq_A,199,6esq_H,259 
6esq_A,249,6esq_H,285 
6esq_A,249,6esq_H,286 
6esq_B,1,6esq_D,301 
6esq_B,60,6esq_D,327 
6esq_B,60,6esq_D,331 
6esq_B,61,6esq_D,327 
6esq_B,61,6esq_D,328 
6esq_B,62,6esq_D,283 
6esq_B,62,6esq_D,284 
6esq_B,62,6esq_D,328 
6esq_B,65,6esq_D,446 
6esq_B,65,6esq_D,581 
6esq_B,66,6esq_D,446 
6esq_B,69,6esq_D,445 
6esq_B,74,6esq_D,443 
6esq_B,74,6esq_D,444 
6esq_B,75,6esq_D,442 
6esq_B,75,6esq_D,443 
6esq_B,75,6esq_D,444 
6esq_B,76,6esq_D,443 
6esq_B,77,6esq_D,441 
6esq_B,77,6esq_D,442 
6esq_B,77,6esq_D,443 
6esq_B,80,6esq_D,281 
6esq_B,80,6esq_D,282 
6esq_B,81,6esq_D,280 
6esq_B,81,6esq_D,281 
6esq_B,82,6esq_D,280 
6esq_B,83,6esq_D,262 
6esq_B,84,6esq_D,262 
6esq_B,97,6esq_D,297 
6esq_B,97,6esq_D,298 
6esq_B,97,6esq_D,301 
6esq_B,98,6esq_D,297 
6esq_B,100,6esq_D,301 
6esq_B,101,6esq_D,201 
6esq_B,101,6esq_D,297 
6esq_B,101,6esq_D,300 
6esq_B,101,6esq_D,301 
6esq_B,127,6esq_D,260 
6esq_B,127,6esq_D,261 
6esq_B,128,6esq_D,261 
6esq_B,128,6esq_D,262 
6esq_B,131,6esq_D,260 
6esq_B,241,6esq_D,277 
6esq_B,242,6esq_D,275 
6esq_B,242,6esq_D,277 
6esq_B,243,6esq_D,274 
6esq_B,243,6esq_D,275 
6esq_B,243,6esq_D,276 
6esq_B,243,6esq_D,277 
6esq_B,244,6esq_D,274 
6esq_B,244,6esq_D,275 
6esq_B,245,6esq_D,269 
6esq_B,246,6esq_D,265 
6esq_B,246,6esq_D,266 
6esq_B,381,6esq_D,265 
6esq_B,137,6esq_E,288 
6esq_B,143,6esq_E,258 
6esq_B,146,6esq_E,258 
6esq_B,147,6esq_E,256 
6esq_B,147,6esq_E,257 
6esq_B,147,6esq_E,258 
6esq_B,151,6esq_E,256 
6esq_B,197,6esq_E,261 
6esq_B,197,6esq_E,262 
6esq_B,198,6esq_E,259 
6esq_B,198,6esq_E,260 
6esq_B,198,6esq_E,261 
6esq_B,199,6esq_E,258 
6esq_B,199,6esq_E,259 
6esq_B,249,6esq_E,285 
6esq_B,249,6esq_E,286 
6esq_B,137,6esq_G,288 
6esq_B,143,6esq_G,258 
6esq_B,146,6esq_G,258 
6esq_B,147,6esq_G,256 
6esq_B,147,6esq_G,257 
6esq_B,147,6esq_G,258 
6esq_B,151,6esq_G,256 
6esq_B,197,6esq_G,261 
6esq_B,197,6esq_G,262 
6esq_B,198,6esq_G,259 
6esq_B,198,6esq_G,260 
6esq_B,198,6esq_G,261 
6esq_B,199,6esq_G,258 
6esq_B,199,6esq_G,259 
6esq_B,249,6esq_G,285 
6esq_B,249,6esq_G,286 
6esq_C,137,6esq_F,288 
6esq_C,143,6esq_F,258 
6esq_C,146,6esq_F,258 
6esq_C,147,6esq_F,256 
6esq_C,147,6esq_F,257 
6esq_C,147,6esq_F,258 
6esq_C,151,6esq_F,256 
6esq_C,197,6esq_F,261 
6esq_C,197,6esq_F,262 
6esq_C,198,6esq_F,259 
6esq_C,198,6esq_F,260 
6esq_C,198,6esq_F,261 
6esq_C,199,6esq_F,258 
6esq_C,199,6esq_F,259 
6esq_C,249,6esq_F,285 
6esq_C,249,6esq_F,286 
6esq_C,137,6esq_H,288 
6esq_C,143,6esq_H,258 
6esq_C,146,6esq_H,258 
6esq_C,147,6esq_H,256 
6esq_C,147,6esq_H,257 
6esq_C,147,6esq_H,258 
6esq_C,151,6esq_H,256 
6esq_C,197,6esq_H,261 
6esq_C,197,6esq_H,262 
6esq_C,198,6esq_H,259 
6esq_C,198,6esq_H,260 
6esq_C,198,6esq_H,261 
6esq_C,199,6esq_H,258 
6esq_C,199,6esq_H,259 
6esq_C,249,6esq_H,285 
6esq_C,249,6esq_H,286 
6esq_D,137,6esq_E,288 
6esq_D,143,6esq_E,258 
6esq_D,146,6esq_E,258 
6esq_D,147,6esq_E,256 
6esq_D,147,6esq_E,257 
6esq_D,147,6esq_E,258 
6esq_D,151,6esq_E,256 
6esq_D,197,6esq_E,261 
6esq_D,197,6esq_E,262 
6esq_D,198,6esq_E,259 
6esq_D,198,6esq_E,260 
6esq_D,198,6esq_E,261 
6esq_D,199,6esq_E,258 
6esq_D,199,6esq_E,259 
6esq_D,249,6esq_E,285 
6esq_D,249,6esq_E,286 
6esq_D,137,6esq_G,288 
6esq_D,143,6esq_G,258 
6esq_D,146,6esq_G,258 
6esq_D,147,6esq_G,256 
6esq_D,147,6esq_G,257 
6esq_D,147,6esq_G,258 
6esq_D,151,6esq_G,256 
6esq_D,197,6esq_G,261 
6esq_D,197,6esq_G,262 
6esq_D,198,6esq_G,259 
6esq_D,198,6esq_G,260 
6esq_D,198,6esq_G,261 
6esq_D,199,6esq_G,258 
6esq_D,199,6esq_G,259 
6esq_D,249,6esq_G,285 
6esq_D,249,6esq_G,286
6esq_E,13,6esq_J,298 
6esq_E,107,6esq_J,254 
6esq_E,108,6esq_J,249 
6esq_E,108,6esq_J,250 
6esq_E,108,6esq_J,254 
6esq_E,109,6esq_J,249 
6esq_E,13,6esq_L,298 
6esq_E,107,6esq_L,254 
6esq_E,108,6esq_L,249 
6esq_E,108,6esq_L,250 
6esq_E,108,6esq_L,254 
6esq_E,109,6esq_L,249 
6esq_F,13,6esq_I,298 
6esq_F,107,6esq_I,254 
6esq_F,108,6esq_I,249 
6esq_F,108,6esq_I,250 
6esq_F,108,6esq_I,254 
6esq_F,109,6esq_I,249 
6esq_F,13,6esq_K,298 
6esq_F,107,6esq_K,254 
6esq_F,108,6esq_K,249 
6esq_F,108,6esq_K,250 
6esq_F,108,6esq_K,254 
6esq_F,109,6esq_K,249 
6esq_G,13,6esq_I,298 
6esq_G,107,6esq_I,254 
6esq_G,108,6esq_I,249 
6esq_G,108,6esq_I,250 
6esq_G,108,6esq_I,254 
6esq_G,109,6esq_I,249 
6esq_G,13,6esq_K,298 
6esq_G,107,6esq_K,254 
6esq_G,108,6esq_K,249 
6esq_G,108,6esq_K,250 
6esq_G,108,6esq_K,254 
6esq_G,109,6esq_K,249 
6esq_H,13,6esq_J,298 
6esq_H,107,6esq_J,254 
6esq_H,108,6esq_J,249 
6esq_H,108,6esq_J,250 
6esq_H,108,6esq_J,254 
6esq_H,109,6esq_J,249 
6esq_H,13,6esq_L,298 
6esq_H,107,6esq_L,254 
6esq_H,108,6esq_L,249 
6esq_H,108,6esq_L,250 
6esq_H,108,6esq_L,254 
6esq_H,109,6esq_L,249 
6esq_I,86,6esq_K,391 
6esq_I,86,6esq_K,392 
6esq_I,86,6esq_K,393 
6esq_I,87,6esq_K,391 
6esq_I,87,6esq_K,392 
6esq_I,87,6esq_K,393 
6esq_I,88,6esq_K,313 
6esq_I,88,6esq_K,390 
6esq_I,88,6esq_K,391 
6esq_I,89,6esq_K,390 
6esq_I,89,6esq_K,501 
6esq_I,90,6esq_K,312 
6esq_I,93,6esq_K,385 
6esq_I,94,6esq_K,385 
6esq_I,102,6esq_K,384 
6esq_I,103,6esq_K,382 
6esq_I,103,6esq_K,383 
6esq_I,103,6esq_K,384 
6esq_I,104,6esq_K,381 
6esq_I,104,6esq_K,382 
6esq_I,105,6esq_K,381 
6esq_I,106,6esq_K,381 
6esq_I,108,6esq_K,311 
6esq_I,108,6esq_K,312 
6esq_I,109,6esq_K,310 
6esq_I,109,6esq_K,311 
6esq_I,110,6esq_K,309 
6esq_I,110,6esq_K,310 
6esq_I,111,6esq_K,308 
6esq_I,111,6esq_K,309 
6esq_I,112,6esq_K,290 
6esq_I,112,6esq_K,308 
6esq_I,113,6esq_K,288 
6esq_I,123,6esq_K,323 
6esq_I,126,6esq_K,326 
6esq_I,126,6esq_K,327 
6esq_I,126,6esq_K,330 
6esq_I,127,6esq_K,326 
6esq_I,129,6esq_K,330 
6esq_I,130,6esq_K,326 
6esq_I,130,6esq_K,329 
6esq_I,130,6esq_K,330 
6esq_I,181,6esq_K,304 
6esq_I,181,6esq_K,305 
6esq_I,181,6esq_K,306 
6esq_I,182,6esq_K,303 
6esq_I,182,6esq_K,304 
6esq_I,183,6esq_K,303 
6esq_I,184,6esq_K,302 
6esq_I,184,6esq_K,303 
6esq_I,185,6esq_K,293 
6esq_I,185,6esq_K,294 
6esq_I,190,6esq_K,288 
6esq_I,190,6esq_K,289 
6esq_I,191,6esq_K,286 
6esq_I,191,6esq_K,287 
6esq_I,191,6esq_K,288 
6esq_I,192,6esq_K,286 
6esq_I,192,6esq_K,287 
6esq_I,193,6esq_K,286 
6esq_I,193,6esq_K,287 
6esq_I,194,6esq_K,394 
6esq_I,301,6esq_K,289 
6esq_I,86,6esq_L,391 
6esq_I,86,6esq_L,392 
6esq_I,86,6esq_L,393 
6esq_I,87,6esq_L,391 
6esq_I,87,6esq_L,392 
6esq_I,87,6esq_L,393 
6esq_I,88,6esq_L,313 
6esq_I,88,6esq_L,390 
6esq_I,88,6esq_L,391 
6esq_I,89,6esq_L,390 
6esq_I,89,6esq_L,501 
6esq_I,90,6esq_L,312 
6esq_I,93,6esq_L,385 
6esq_I,94,6esq_L,385 
6esq_I,102,6esq_L,384 
6esq_I,103,6esq_L,382 
6esq_I,103,6esq_L,383 
6esq_I,103,6esq_L,384 
6esq_I,104,6esq_L,381 
6esq_I,104,6esq_L,382 
6esq_I,105,6esq_L,381 
6esq_I,106,6esq_L,381 
6esq_I,108,6esq_L,311 
6esq_I,108,6esq_L,312 
6esq_I,109,6esq_L,310 
6esq_I,109,6esq_L,311 
6esq_I,110,6esq_L,309 
6esq_I,110,6esq_L,310 
6esq_I,111,6esq_L,308 
6esq_I,111,6esq_L,309 
6esq_I,112,6esq_L,290 
6esq_I,112,6esq_L,308 
6esq_I,113,6esq_L,288 
6esq_I,123,6esq_L,323 
6esq_I,126,6esq_L,326 
6esq_I,126,6esq_L,327 
6esq_I,126,6esq_L,330 
6esq_I,127,6esq_L,326 
6esq_I,129,6esq_L,330 
6esq_I,130,6esq_L,326 
6esq_I,130,6esq_L,329 
6esq_I,130,6esq_L,330 
6esq_I,181,6esq_L,304 
6esq_I,181,6esq_L,305 
6esq_I,181,6esq_L,306 
6esq_I,182,6esq_L,303 
6esq_I,182,6esq_L,304 
6esq_I,183,6esq_L,303 
6esq_I,184,6esq_L,302 
6esq_I,184,6esq_L,303 
6esq_I,185,6esq_L,293 
6esq_I,185,6esq_L,294 
6esq_I,190,6esq_L,288 
6esq_I,190,6esq_L,289 
6esq_I,191,6esq_L,286 
6esq_I,191,6esq_L,287 
6esq_I,191,6esq_L,288 
6esq_I,192,6esq_L,286 
6esq_I,192,6esq_L,287 
6esq_I,193,6esq_L,286 
6esq_I,193,6esq_L,287 
6esq_I,194,6esq_L,394 
6esq_I,301,6esq_L,289 
6esq_J,86,6esq_K,391 
6esq_J,86,6esq_K,392 
6esq_J,86,6esq_K,393 
6esq_J,87,6esq_K,391 
6esq_J,87,6esq_K,392 
6esq_J,87,6esq_K,393 
6esq_J,88,6esq_K,313 
6esq_J,88,6esq_K,390 
6esq_J,88,6esq_K,391 
6esq_J,89,6esq_K,390 
6esq_J,89,6esq_K,501 
6esq_J,90,6esq_K,312 
6esq_J,93,6esq_K,385 
6esq_J,94,6esq_K,385 
6esq_J,102,6esq_K,384 
6esq_J,103,6esq_K,382 
6esq_J,103,6esq_K,383 
6esq_J,103,6esq_K,384 
6esq_J,104,6esq_K,381 
6esq_J,104,6esq_K,382 
6esq_J,105,6esq_K,381 
6esq_J,106,6esq_K,381 
6esq_J,108,6esq_K,311 
6esq_J,108,6esq_K,312 
6esq_J,109,6esq_K,310 
6esq_J,109,6esq_K,311 
6esq_J,110,6esq_K,309 
6esq_J,110,6esq_K,310 
6esq_J,111,6esq_K,308 
6esq_J,111,6esq_K,309 
6esq_J,112,6esq_K,290 
6esq_J,112,6esq_K,308 
6esq_J,113,6esq_K,288 
6esq_J,123,6esq_K,323 
6esq_J,126,6esq_K,326 
6esq_J,126,6esq_K,327 
6esq_J,126,6esq_K,330 
6esq_J,127,6esq_K,326 
6esq_J,129,6esq_K,330 
6esq_J,130,6esq_K,326 
6esq_J,130,6esq_K,329 
6esq_J,130,6esq_K,330 
6esq_J,181,6esq_K,304 
6esq_J,181,6esq_K,305 
6esq_J,181,6esq_K,306 
6esq_J,182,6esq_K,303 
6esq_J,182,6esq_K,304 
6esq_J,183,6esq_K,303 
6esq_J,184,6esq_K,302 
6esq_J,184,6esq_K,303 
6esq_J,185,6esq_K,293 
6esq_J,185,6esq_K,294 
6esq_J,190,6esq_K,288 
6esq_J,190,6esq_K,289 
6esq_J,191,6esq_K,286 
6esq_J,191,6esq_K,287 
6esq_J,191,6esq_K,288 
6esq_J,192,6esq_K,286 
6esq_J,192,6esq_K,287 
6esq_J,193,6esq_K,286 
6esq_J,193,6esq_K,287 
6esq_J,194,6esq_K,394 
6esq_J,301,6esq_K,289 
6esq_J,86,6esq_L,391 
6esq_J,86,6esq_L,392 
6esq_J,86,6esq_L,393 
6esq_J,87,6esq_L,391 
6esq_J,87,6esq_L,392 
6esq_J,87,6esq_L,393 
6esq_J,88,6esq_L,313 
6esq_J,88,6esq_L,390 
6esq_J,88,6esq_L,391 
6esq_J,89,6esq_L,390 
6esq_J,89,6esq_L,501 
6esq_J,90,6esq_L,312 
6esq_J,93,6esq_L,385 
6esq_J,94,6esq_L,385 
6esq_J,102,6esq_L,384 
6esq_J,103,6esq_L,382 
6esq_J,103,6esq_L,383 
6esq_J,103,6esq_L,384 
6esq_J,104,6esq_L,381 
6esq_J,104,6esq_L,382 
6esq_J,105,6esq_L,381 
6esq_J,106,6esq_L,381 
6esq_J,108,6esq_L,311 
6esq_J,108,6esq_L,312 
6esq_J,109,6esq_L,310 
6esq_J,109,6esq_L,311 
6esq_J,110,6esq_L,309 
6esq_J,110,6esq_L,310 
6esq_J,111,6esq_L,308 
6esq_J,111,6esq_L,309 
6esq_J,112,6esq_L,290 
6esq_J,112,6esq_L,308 
6esq_J,113,6esq_L,288 
6esq_J,123,6esq_L,323 
6esq_J,126,6esq_L,326 
6esq_J,126,6esq_L,327 
6esq_J,126,6esq_L,330 
6esq_J,127,6esq_L,326 
6esq_J,129,6esq_L,330 
6esq_J,130,6esq_L,326 
6esq_J,130,6esq_L,329 
6esq_J,130,6esq_L,330 
6esq_J,181,6esq_L,304 
6esq_J,181,6esq_L,305 
6esq_J,181,6esq_L,306 
6esq_J,182,6esq_L,303 
6esq_J,182,6esq_L,304 
6esq_J,183,6esq_L,303 
6esq_J,184,6esq_L,302 
6esq_J,184,6esq_L,303 
6esq_J,185,6esq_L,293 
6esq_J,185,6esq_L,294 
6esq_J,190,6esq_L,288 
6esq_J,190,6esq_L,289 
6esq_J,191,6esq_L,286 
6esq_J,191,6esq_L,287 
6esq_J,191,6esq_L,288 
6esq_J,192,6esq_L,286 
6esq_J,192,6esq_L,287 
6esq_J,193,6esq_L,286 
6esq_J,193,6esq_L,287 
6esq_J,194,6esq_L,394 
6esq_J,301,6esq_L,289 
